{
    "statusCode": "200",
    "statusDescription": "OK",
    "requestUID": "b033d46f-e121-4ac7-83e1-8554e3b0476b",
    "results": [
        {
            "total_count": "149,159",
            "current_page": "1",
            "total_pages": "2,984",
            "data": [
                {
                    "proposer_name": "Surendra Balaram Adhav",
                    "previous_policy_number": "P/161130/01/2021/050580",
                    "broker_code": "WA0000000009",
                    "policy_from_date": "09/21/2020",
                    "policy_to_date": "09/20/2022",
                    "insured_name": "Surendra Balaram Adhav",
                    "telephone_no": "9821042442",
                    "old_product": "Medi classic Insurance Policy (Individual) - Revised 2019",
                    "premium": "0",
                    "fullfiller_code": "SO161130",
                    "fullfiller_name": "161130 SO CODE",
                    "policy_status": "RENEWED",
                    "new_policy_number": "P/161130/01/2023/099951",
                    "new_product": "Medi Classic Insurance Policy (Individual) Revised - 2022",
                    "new_premium": "0",
                    "sum_insured": "300,000",
                    "gst": "0",
                    "premium_total": "0",
                    "intermediary_code": "WA0000000009",
                    "intermediary_name": "M/S.Policy Bazaar Insurance Web Aggregator Pvt Ltd",
                    "claim_if_any": "N",
                    "approved_status": "",
                    "occupation": "",
                    "address": "Milind NagarNear Buddha Vihar",
                    "email_id": "geeta_dutt@rediffmail.com",
                    "no_of_members": "0"
                },
                {
                    "proposer_name": "ShivaPrasad VenkataRao",
                    "previous_policy_number": "P/161130/01/2021/050378",
                    "broker_code": "WA0000000009",
                    "policy_from_date": "09/21/2020",
                    "policy_to_date": "09/20/2022",
                    "insured_name": "Padmavathi V Rao",
                    "telephone_no": "9606602728",
                    "old_product": "Senior Citizens Red Carpet Health Insurance Policy",
                    "premium": "0",
                    "fullfiller_code": "SO161130",
                    "fullfiller_name": "161130 SO CODE",
                    "policy_status": "RENEWED",
                    "new_policy_number": "P/161130/01/2023/085097",
                    "new_product": "Senior Citizens Red Carpet Health Insurance Policy",
                    "new_premium": "0",
                    "sum_insured": "1,500,000",
                    "gst": "0",
                    "premium_total": "0",
                    "intermediary_code": "WA0000000009",
                    "intermediary_name": "M/S.Policy Bazaar Insurance Web Aggregator Pvt Ltd",
                    "claim_if_any": "N",
                    "approved_status": "",
                    "occupation": "",
                    "address": "Villa No 81, Gran Carmen AddressSarjapur Main Road",
                    "email_id": "shivaraoblr@gmail.com",
                    "no_of_members": "1"
                },
                {
                    "proposer_name": "ShivaPrasad VenkataRao",
                    "previous_policy_number": "P/161130/01/2021/050379",
                    "broker_code": "WA0000000009",
                    "policy_from_date": "09/21/2020",
                    "policy_to_date": "09/20/2022",
                    "insured_name": "M Venkata Rao",
                    "telephone_no": "9606602728",
                    "old_product": "Senior Citizens Red Carpet Health Insurance Policy",
                    "premium": "0",
                    "fullfiller_code": "SO161130",
                    "fullfiller_name": "161130 SO CODE",
                    "policy_status": "RENEWED",
                    "new_policy_number": "P/161130/01/2023/085096",
                    "new_product": "Senior Citizens Red Carpet Health Insurance Policy",
                    "new_premium": "0",
                    "sum_insured": "1,500,000",
                    "gst": "0",
                    "premium_total": "0",
                    "intermediary_code": "WA0000000009",
                    "intermediary_name": "M/S.Policy Bazaar Insurance Web Aggregator Pvt Ltd",
                    "claim_if_any": "N",
                    "approved_status": "",
                    "occupation": "",
                    "address": "Villa No 81, Gran Carmen AddressSarjapur Main Road",
                    "email_id": "shivaraoblr@gmail.com",
                    "no_of_members": "1"
                },
                {
                    "proposer_name": "Ranjit Mallick",
                    "previous_policy_number": "P/161130/01/2021/050426",
                    "broker_code": "WA0000000009",
                    "policy_from_date": "09/21/2020",
                    "policy_to_date": "09/20/2022",
                    "insured_name": "Shampa Roy",
                    "telephone_no": "9932183649",
                    "old_product": "Star Comprehensive Insurance Policy Revised 2019",
                    "premium": "0",
                    "fullfiller_code": "SO161130",
                    "fullfiller_name": "161130 SO CODE",
                    "policy_status": "RENEWED",
                    "new_policy_number": "P/161130/01/2023/100313",
                    "new_product": "Star Comprehensive Insurance Policy",
                    "new_premium": "0",
                    "sum_insured": "500,000",
                    "gst": "0",
                    "premium_total": "0",
                    "intermediary_code": "WA0000000009",
                    "intermediary_name": "M/S.Policy Bazaar Insurance Web Aggregator Pvt Ltd",
                    "claim_if_any": "N",
                    "approved_status": "",
                    "occupation": "",
                    "address": "CHANDPARAGAIGHATA",
                    "email_id": "sona.ranjit@gmail.com",
                    "no_of_members": "2"
                },
                {
                    "proposer_name": "Soniya Umesh Singh",
                    "previous_policy_number": "P/161130/01/2021/051969",
                    "broker_code": "WA0000000009",
                    "policy_from_date": "09/21/2020",
                    "policy_to_date": "09/20/2022",
                    "insured_name": "Payal Singh",
                    "telephone_no": "9833942079",
                    "old_product": "Star Comprehensive Insurance Policy Revised 2019",
                    "premium": "0",
                    "fullfiller_code": "SO161130",
                    "fullfiller_name": "161130 SO CODE",
                    "policy_status": "RENEWED",
                    "new_policy_number": "P/161130/01/2023/102801",
                    "new_product": "Star Comprehensive Insurance Policy",
                    "new_premium": "0",
                    "sum_insured": "500,000",
                    "gst": "0",
                    "premium_total": "0",
                    "intermediary_code": "WA0000000009",
                    "intermediary_name": "M/S.Policy Bazaar Insurance Web Aggregator Pvt Ltd",
                    "claim_if_any": "N",
                    "approved_status": "",
                    "occupation": "",
                    "address": "A/wing 604 Satya Shankar resistanceManpada",
                    "email_id": "sonimusu123@gmail.com",
                    "no_of_members": "1"
                },
                {
                    "proposer_name": "Mangesh Choudhari",
                    "previous_policy_number": "P/161130/01/2021/050552",
                    "broker_code": "WA0000000009",
                    "policy_from_date": "09/21/2020",
                    "policy_to_date": "09/20/2022",
                    "insured_name": "Samanvi Choudhari",
                    "telephone_no": "9921313793",
                    "old_product": "Star Comprehensive Insurance Policy Revised 2019",
                    "premium": "0",
                    "fullfiller_code": "SO161130",
                    "fullfiller_name": "161130 SO CODE",
                    "policy_status": "RENEWED",
                    "new_policy_number": "P/161130/01/2023/096724",
                    "new_product": "Star Comprehensive Insurance Policy",
                    "new_premium": "0",
                    "sum_insured": "1,000,000",
                    "gst": "0",
                    "premium_total": "0",
                    "intermediary_code": "WA0000000009",
                    "intermediary_name": "M/S.Policy Bazaar Insurance Web Aggregator Pvt Ltd",
                    "claim_if_any": "N",
                    "approved_status": "",
                    "occupation": "",
                    "address": "Plot No 11 Shivsundar NagarUmrer Road, Dighori",
                    "email_id": "rwsd2012@gmail.com",
                    "no_of_members": "4"
                },
                {
                    "proposer_name": "Nikhil Athavale",
                    "previous_policy_number": "P/161130/01/2021/050529",
                    "broker_code": "WA0000000009",
                    "policy_from_date": "09/21/2020",
                    "policy_to_date": "09/20/2022",
                    "insured_name": "Nikhil Athavale",
                    "telephone_no": "7798487898",
                    "old_product": "Star Comprehensive Insurance Policy Revised 2019",
                    "premium": "0",
                    "fullfiller_code": "SO161130",
                    "fullfiller_name": "161130 SO CODE",
                    "policy_status": "RENEWED",
                    "new_policy_number": "P/161130/01/2023/102789",
                    "new_product": "Star Comprehensive Insurance Policy",
                    "new_premium": "0",
                    "sum_insured": "500,000",
                    "gst": "0",
                    "premium_total": "0",
                    "intermediary_code": "WA0000000009",
                    "intermediary_name": "M/S.Policy Bazaar Insurance Web Aggregator Pvt Ltd",
                    "claim_if_any": "N",
                    "approved_status": "",
                    "occupation": "",
                    "address": "A 02, rIddhi siddhi Apartment,prabhu aliNear ambika mata mAndir,pen",
                    "email_id": "athavale87@gmail.com",
                    "no_of_members": "1"
                },
                {
                    "proposer_name": "P Unnikrishnan",
                    "previous_policy_number": "P/161130/01/2021/050924",
                    "broker_code": "WA0000000009",
                    "policy_from_date": "09/21/2020",
                    "policy_to_date": "09/20/2022",
                    "insured_name": "P Lata",
                    "telephone_no": "8871010099",
                    "old_product": "Star Comprehensive Insurance Policy Revised 2019",
                    "premium": "0",
                    "fullfiller_code": "SO161130",
                    "fullfiller_name": "161130 SO CODE",
                    "policy_status": "RENEWED",
                    "new_policy_number": "P/161130/01/2023/101172",
                    "new_product": "Star Comprehensive Insurance Policy",
                    "new_premium": "0",
                    "sum_insured": "500,000",
                    "gst": "0",
                    "premium_total": "0",
                    "intermediary_code": "WA0000000009",
                    "intermediary_name": "M/S.Policy Bazaar Insurance Web Aggregator Pvt Ltd",
                    "claim_if_any": "N",
                    "approved_status": "",
                    "occupation": "",
                    "address": "L.I.G 2/6 Nehru Nagar EastBhilai",
                    "email_id": "p.unnikris@gmail.com",
                    "no_of_members": "1"
                },
                {
                    "proposer_name": "Shruthi Kamal S",
                    "previous_policy_number": "P/161130/01/2021/050460",
                    "broker_code": "WA0000000009",
                    "policy_from_date": "09/21/2020",
                    "policy_to_date": "09/20/2022",
                    "insured_name": "M R Sreenivas",
                    "telephone_no": "9448750515",
                    "old_product": "Star Comprehensive Insurance Policy Revised 2019",
                    "premium": "0",
                    "fullfiller_code": "SO161130",
                    "fullfiller_name": "161130 SO CODE",
                    "policy_status": "RENEWED",
                    "new_policy_number": "P/161130/01/2023/093607",
                    "new_product": "Star Comprehensive Insurance Policy",
                    "new_premium": "0",
                    "sum_insured": "500,000",
                    "gst": "0",
                    "premium_total": "0",
                    "intermediary_code": "WA0000000009",
                    "intermediary_name": "M/S.Policy Bazaar Insurance Web Aggregator Pvt Ltd",
                    "claim_if_any": "N",
                    "approved_status": "",
                    "occupation": "",
                    "address": "7/A Lalithalaya, Temple roadJayalakshmipuram",
                    "email_id": "shruthikamal996s@gmail.com",
                    "no_of_members": "1"
                },
                {
                    "proposer_name": "Shaikh Azaruddin",
                    "previous_policy_number": "P/161130/01/2021/050930",
                    "broker_code": "WA0000000009",
                    "policy_from_date": "09/21/2020",
                    "policy_to_date": "09/20/2022",
                    "insured_name": "Mr Gousuddin",
                    "telephone_no": "9742425555",
                    "old_product": "Star Comprehensive Insurance Policy Revised 2019",
                    "premium": "0",
                    "fullfiller_code": "SO161130",
                    "fullfiller_name": "161130 SO CODE",
                    "policy_status": "RENEWED",
                    "new_policy_number": "P/161130/01/2023/090566",
                    "new_product": "Star Comprehensive Insurance Policy",
                    "new_premium": "0",
                    "sum_insured": "500,000",
                    "gst": "0",
                    "premium_total": "0",
                    "intermediary_code": "WA0000000009",
                    "intermediary_name": "M/S.Policy Bazaar Insurance Web Aggregator Pvt Ltd",
                    "claim_if_any": "N",
                    "approved_status": "",
                    "occupation": "",
                    "address": "B12 Shahbaz colony behind Al Ameen Schoolold Jewargi road",
                    "email_id": "shaikhazhars@gmail.com",
                    "no_of_members": "2"
                },
                {
                    "proposer_name": "Bodhisatwa Sinha",
                    "previous_policy_number": "P/161130/01/2021/050929",
                    "broker_code": "WA0000000009",
                    "policy_from_date": "09/21/2020",
                    "policy_to_date": "09/20/2022",
                    "insured_name": "Bodhisatwa Sinha",
                    "telephone_no": "9836990172",
                    "old_product": "Star Comprehensive Insurance Policy Revised 2019",
                    "premium": "0",
                    "fullfiller_code": "SO161130",
                    "fullfiller_name": "161130 SO CODE",
                    "policy_status": "RENEWED",
                    "new_policy_number": "P/161130/01/2023/099126",
                    "new_product": "Star Comprehensive Insurance Policy",
                    "new_premium": "0",
                    "sum_insured": "500,000",
                    "gst": "0",
                    "premium_total": "0",
                    "intermediary_code": "WA0000000009",
                    "intermediary_name": "M/S.Policy Bazaar Insurance Web Aggregator Pvt Ltd",
                    "claim_if_any": "N",
                    "approved_status": "",
                    "occupation": "",
                    "address": "21/1  NILMONI GANGULY LANEP. O-KHAGRA",
                    "email_id": "sinharoyal211@gmail.com",
                    "no_of_members": "1"
                },
                {
                    "proposer_name": "Raju Ramsi Thakker",
                    "previous_policy_number": "P/161130/01/2021/050398",
                    "broker_code": "WA0000000009",
                    "policy_from_date": "09/21/2020",
                    "policy_to_date": "09/20/2022",
                    "insured_name": "Chanmati Raju Thakker",
                    "telephone_no": "8108761786",
                    "old_product": "Young Star Insurance Policy",
                    "premium": "0",
                    "fullfiller_code": "SO161130",
                    "fullfiller_name": "161130 SO CODE",
                    "policy_status": "RENEWED",
                    "new_policy_number": "P/161130/01/2023/097156",
                    "new_product": "Young Star Insurance Policy Revised",
                    "new_premium": "0",
                    "sum_insured": "500,000",
                    "gst": "0",
                    "premium_total": "0",
                    "intermediary_code": "WA0000000009",
                    "intermediary_name": "M/S.Policy Bazaar Insurance Web Aggregator Pvt Ltd",
                    "claim_if_any": "N",
                    "approved_status": "",
                    "occupation": "",
                    "address": "shwraj rashidensi.B.ving., room no-301.,Sec.-2., ULWE.",
                    "email_id": "rajuthakker81@gmail.com",
                    "no_of_members": "3"
                },
                {
                    "proposer_name": "Satyam Chaudhary",
                    "previous_policy_number": "P/161130/01/2021/050477",
                    "broker_code": "WA0000000009",
                    "policy_from_date": "09/21/2020",
                    "policy_to_date": "09/20/2022",
                    "insured_name": "Satyam Chaudhary",
                    "telephone_no": "9560976373",
                    "old_product": "Young Star Insurance Policy",
                    "premium": "0",
                    "fullfiller_code": "SO161130",
                    "fullfiller_name": "161130 SO CODE",
                    "policy_status": "RENEWED",
                    "new_policy_number": "P/161130/01/2023/093851",
                    "new_product": "Young Star Insurance Policy Revised",
                    "new_premium": "0",
                    "sum_insured": "1,000,000",
                    "gst": "0",
                    "premium_total": "0",
                    "intermediary_code": "WA0000000009",
                    "intermediary_name": "M/S.Policy Bazaar Insurance Web Aggregator Pvt Ltd",
                    "claim_if_any": "N",
                    "approved_status": "",
                    "occupation": "",
                    "address": "H No- 83, village- ganjheriPost- Panayali Kasimpur, Teh- Deoband",
                    "email_id": "jattsatyamchoudhary@gmail.com",
                    "no_of_members": "1"
                },
                {
                    "proposer_name": "Dharmesh Chandrakant Raval",
                    "previous_policy_number": "P/161130/01/2021/051639",
                    "broker_code": "WA0000000009",
                    "policy_from_date": "09/21/2020",
                    "policy_to_date": "09/20/2022",
                    "insured_name": "Nidhi Dharmesh Raval",
                    "telephone_no": "9276255900",
                    "old_product": "Young Star Insurance Policy",
                    "premium": "0",
                    "fullfiller_code": "SO161130",
                    "fullfiller_name": "161130 SO CODE",
                    "policy_status": "RENEWED",
                    "new_policy_number": "P/161130/01/2023/101335",
                    "new_product": "Young Star Insurance Policy Revised",
                    "new_premium": "0",
                    "sum_insured": "500,000",
                    "gst": "0",
                    "premium_total": "0",
                    "intermediary_code": "WA0000000009",
                    "intermediary_name": "M/S.Policy Bazaar Insurance Web Aggregator Pvt Ltd",
                    "claim_if_any": "N",
                    "approved_status": "",
                    "occupation": "",
                    "address": "6/242,Kolsavad Road, ManchharpuraMahidhrapura",
                    "email_id": "dharmesh.dj0710@gmail.com",
                    "no_of_members": "3"
                },
                {
                    "proposer_name": "Ritwij Aryan Parmar",
                    "previous_policy_number": "P/161130/01/2021/050445",
                    "broker_code": "WA0000000009",
                    "policy_from_date": "09/21/2020",
                    "policy_to_date": "09/20/2022",
                    "insured_name": "Ritwij Aryan Parmar",
                    "telephone_no": "9738472798",
                    "old_product": "Young Star Insurance Policy",
                    "premium": "0",
                    "fullfiller_code": "SO161130",
                    "fullfiller_name": "161130 SO CODE",
                    "policy_status": "RENEWED",
                    "new_policy_number": "P/161130/01/2023/098635",
                    "new_product": "Young Star Insurance Policy Revised",
                    "new_premium": "0",
                    "sum_insured": "1,000,000",
                    "gst": "0",
                    "premium_total": "0",
                    "intermediary_code": "WA0000000009",
                    "intermediary_name": "M/S.Policy Bazaar Insurance Web Aggregator Pvt Ltd",
                    "claim_if_any": "Y",
                    "approved_status": "",
                    "occupation": "",
                    "address": "Parmar Niketan, Next to Sangam Enclave ApartmentRoad8A, Vijay Nagar, Rukanpura",
                    "email_id": "ritwij.aryan.parmar@gmail.com",
                    "no_of_members": "1"
                },
                {
                    "proposer_name": "SRINAGESH NALAM",
                    "previous_policy_number": "P/161130/01/2022/062983",
                    "broker_code": "BA0000251948",
                    "policy_from_date": "09/21/2021",
                    "policy_to_date": "09/20/2022",
                    "insured_name": "HARSHINI NALAM",
                    "telephone_no": "9811800351",
                    "old_product": "Star Super Surplus (Floater) Insurance Policy",
                    "premium": "0",
                    "fullfiller_code": "SO161130",
                    "fullfiller_name": "161130 SO CODE",
                    "policy_status": "RENEWED",
                    "new_policy_number": "P/161130/01/2023/104020",
                    "new_product": "Star Super Surplus (Floater) Insurance Policy",
                    "new_premium": "0",
                    "sum_insured": "1,000,000",
                    "gst": "0",
                    "premium_total": "0",
                    "intermediary_code": "BA0000251948",
                    "intermediary_name": "Mrs.RACHNA GUPTA",
                    "claim_if_any": "N",
                    "approved_status": "",
                    "occupation": "",
                    "address": "House No:  52-B, Vikrant Enclave,Mayapuri, Swarg Ashram MandirNEW DELHI-110065",
                    "email_id": "s.nalam10@gmail.com",
                    "no_of_members": "4"
                },
                {
                    "proposer_name": "ABHA KUMARI",
                    "previous_policy_number": "P/161130/01/2022/077248",
                    "broker_code": "CO0000000165",
                    "policy_from_date": "09/21/2021",
                    "policy_to_date": "09/20/2022",
                    "insured_name": "ABHA KUMARI",
                    "telephone_no": "8210248721",
                    "old_product": "Star Comprehensive Insurance Policy",
                    "premium": "0",
                    "fullfiller_code": "SO161130",
                    "fullfiller_name": "161130 SO CODE",
                    "policy_status": "RENEWED",
                    "new_policy_number": "P/161130/01/2023/102731",
                    "new_product": "Star Comprehensive Insurance Policy",
                    "new_premium": "0",
                    "sum_insured": "500,000",
                    "gst": "0",
                    "premium_total": "0",
                    "intermediary_code": "CO0000000165",
                    "intermediary_name": "M/S.BANAYANTREE SERVICES LIMITED",
                    "claim_if_any": "N",
                    "approved_status": "",
                    "occupation": "",
                    "address": "ABHA KUMARI WARD NO 20 GULZARBAGHMADHEPURA",
                    "email_id": "rranjan473@gmail.com",
                    "no_of_members": "1"
                },
                {
                    "proposer_name": "Suraj Prakash Pathak",
                    "previous_policy_number": "P/161130/02/2022/000478",
                    "broker_code": "LC0000000465",
                    "policy_from_date": "09/21/2021",
                    "policy_to_date": "09/20/2022",
                    "insured_name": "Suraj Prakash Pathak",
                    "telephone_no": "8090084251",
                    "old_product": "Accident Care Individual Revised - 2015",
                    "premium": "0",
                    "fullfiller_code": "SO161130",
                    "fullfiller_name": "161130 SO CODE",
                    "policy_status": "RENEWED",
                    "new_policy_number": "P/161130/02/2023/002845",
                    "new_product": "Accident Care Individual Revised - 2015",
                    "new_premium": "0",
                    "sum_insured": "200,000",
                    "gst": "0",
                    "premium_total": "0",
                    "intermediary_code": "LC0000000465",
                    "intermediary_name": "M/S.GIRNAR INSURANCE BROKERS PRIVATE LIMITED",
                    "claim_if_any": "N",
                    "approved_status": "",
                    "occupation": "",
                    "address": "ED1-540, Sector-D1, LDA Colony,Kanpur road, Lucknow",
                    "email_id": "surajprakashpathak@yahoo.com",
                    "no_of_members": "1"
                },
                {
                    "proposer_name": "Harmeet Singh",
                    "previous_policy_number": "P/161130/01/2022/075904",
                    "broker_code": "LC0000000465",
                    "policy_from_date": "09/21/2021",
                    "policy_to_date": "09/20/2022",
                    "insured_name": "Gurjeet kaur",
                    "telephone_no": "9999042462",
                    "old_product": "Arogya Sanjeevani Policy Star Health and Allied Insurance Co Ltd.",
                    "premium": "0",
                    "fullfiller_code": "SO161130",
                    "fullfiller_name": "161130 SO CODE",
                    "policy_status": "RENEWED",
                    "new_policy_number": "P/161130/01/2023/103266",
                    "new_product": "Arogya Sanjeevani Policy Star Health and Allied Insurance Co Ltd.",
                    "new_premium": "0",
                    "sum_insured": "300,000",
                    "gst": "0",
                    "premium_total": "0",
                    "intermediary_code": "LC0000000465",
                    "intermediary_name": "M/S.GIRNAR INSURANCE BROKERS PRIVATE LIMITED",
                    "claim_if_any": "N",
                    "approved_status": "",
                    "occupation": "",
                    "address": "H.No- B-23, Street NO-6, Near Gandhi ParkNew Govind Pura Krishna Nagar",
                    "email_id": "hssundal@gmail.com",
                    "no_of_members": "4"
                },
                {
                    "proposer_name": "Sambangi Dileep Kumar",
                    "previous_policy_number": "P/161130/01/2022/075639",
                    "broker_code": "LC0000000465",
                    "policy_from_date": "09/21/2021",
                    "policy_to_date": "09/20/2022",
                    "insured_name": "Sambangi Dileep Kumar",
                    "telephone_no": "8500701114",
                    "old_product": "Family Health Optima Insurance Plan",
                    "premium": "0",
                    "fullfiller_code": "SO161130",
                    "fullfiller_name": "161130 SO CODE",
                    "policy_status": "RENEWED",
                    "new_policy_number": "P/161130/01/2023/099548",
                    "new_product": "Family Health Optima Insurance Plan",
                    "new_premium": "0",
                    "sum_insured": "1,000,000",
                    "gst": "0",
                    "premium_total": "0",
                    "intermediary_code": "LC0000000465",
                    "intermediary_name": "M/S.GIRNAR INSURANCE BROKERS PRIVATE LIMITED",
                    "claim_if_any": "N",
                    "approved_status": "",
                    "occupation": "",
                    "address": "Do No - 1-149, Touring Peta, Narayana PuramChebrole Khandrika",
                    "email_id": "dileepsambangi@gmail.com",
                    "no_of_members": "3"
                },
                {
                    "proposer_name": "Sachin Pundlik Sangle",
                    "previous_policy_number": "P/161130/01/2022/071580",
                    "broker_code": "LC0000000465",
                    "policy_from_date": "09/21/2021",
                    "policy_to_date": "09/20/2022",
                    "insured_name": "Snehal S Sangle",
                    "telephone_no": "9975833834",
                    "old_product": "Family Health Optima Insurance Plan",
                    "premium": "0",
                    "fullfiller_code": "SO161130",
                    "fullfiller_name": "161130 SO CODE",
                    "policy_status": "RENEWED",
                    "new_policy_number": "P/161130/01/2023/102013",
                    "new_product": "Family Health Optima Insurance Plan",
                    "new_premium": "0",
                    "sum_insured": "500,000",
                    "gst": "0",
                    "premium_total": "0",
                    "intermediary_code": "LC0000000465",
                    "intermediary_name": "M/S.GIRNAR INSURANCE BROKERS PRIVATE LIMITED",
                    "claim_if_any": "Y",
                    "approved_status": "",
                    "occupation": "",
                    "address": "Flat No. 21, Arkey galaxy APPT. 4th Floor, Behind Vijay polywood, Makhmalabad RTO Link Road, Panchvati, Nashik",
                    "email_id": "bodakesnehal03@gmail.com",
                    "no_of_members": "3"
                },
                {
                    "proposer_name": "SANJEEV KUMAR",
                    "previous_policy_number": "P/161130/01/2022/076452",
                    "broker_code": "LC0000000465",
                    "policy_from_date": "09/21/2021",
                    "policy_to_date": "09/20/2022",
                    "insured_name": "SANJEEV KUMAR",
                    "telephone_no": "8529380004",
                    "old_product": "Star Comprehensive Insurance Policy",
                    "premium": "0",
                    "fullfiller_code": "SO161130",
                    "fullfiller_name": "161130 SO CODE",
                    "policy_status": "RENEWED",
                    "new_policy_number": "P/161130/01/2023/107925",
                    "new_product": "Star Comprehensive Insurance Policy",
                    "new_premium": "0",
                    "sum_insured": "500,000",
                    "gst": "0",
                    "premium_total": "0",
                    "intermediary_code": "LC0000000465",
                    "intermediary_name": "M/S.GIRNAR INSURANCE BROKERS PRIVATE LIMITED",
                    "claim_if_any": "N",
                    "approved_status": "",
                    "occupation": "",
                    "address": "H NO 1462/4 SEC 4 URBAN ESTATE, NEAR PARK KURUKSHETRAKURUKSHETRA",
                    "email_id": "Raji.1925@gmail.com",
                    "no_of_members": "2"
                },
                {
                    "proposer_name": "  UDAY  TAMANG ",
                    "previous_policy_number": "P/161130/01/2022/076750",
                    "broker_code": "LC0000000465",
                    "policy_from_date": "09/21/2021",
                    "policy_to_date": "09/20/2022",
                    "insured_name": "  UDAY  TAMANG ",
                    "telephone_no": "9339408778",
                    "old_product": "Super Surplus Insurance Policy",
                    "premium": "0",
                    "fullfiller_code": "SO161130",
                    "fullfiller_name": "161130 SO CODE",
                    "policy_status": "RENEWED",
                    "new_policy_number": "P/161130/01/2023/101303",
                    "new_product": "Super Surplus Insurance Policy",
                    "new_premium": "0",
                    "sum_insured": "10,000,000",
                    "gst": "0",
                    "premium_total": "0",
                    "intermediary_code": "LC0000000465",
                    "intermediary_name": "M/S.GIRNAR INSURANCE BROKERS PRIVATE LIMITED",
                    "claim_if_any": "N",
                    "approved_status": "",
                    "occupation": "",
                    "address": "KAINJALIA BAZAR PO KAINJALIA DARJEELING WEST BENGALKAINJALIA BAZAR PO KAINJALIA DARJEELING WEST BENGAL",
                    "email_id": "udaytamang83@gmail.com",
                    "no_of_members": "1"
                },
                {
                    "proposer_name": "TANVEER SINGH",
                    "previous_policy_number": "P/161130/01/2022/075866",
                    "broker_code": "LC0000000465",
                    "policy_from_date": "09/21/2021",
                    "policy_to_date": "09/20/2022",
                    "insured_name": "TANVEER SINGH",
                    "telephone_no": "8950002828",
                    "old_product": "Young Star Insurance Policy Revised",
                    "premium": "0",
                    "fullfiller_code": "SO161130",
                    "fullfiller_name": "161130 SO CODE",
                    "policy_status": "RENEWED",
                    "new_policy_number": "P/161130/01/2023/102102",
                    "new_product": "Young Star Insurance Policy Revised",
                    "new_premium": "0",
                    "sum_insured": "1,000,000",
                    "gst": "0",
                    "premium_total": "0",
                    "intermediary_code": "LC0000000465",
                    "intermediary_name": "M/S.GIRNAR INSURANCE BROKERS PRIVATE LIMITED",
                    "claim_if_any": "N",
                    "approved_status": "",
                    "occupation": "",
                    "address": "H NO320/7SETHI CHOWK",
                    "email_id": "tkbrotherspnp@gmail.com",
                    "no_of_members": "1"
                },
                {
                    "proposer_name": "Jayaguru Achar H",
                    "previous_policy_number": "P/161130/01/2022/076260",
                    "broker_code": "LC0000000491",
                    "policy_from_date": "09/21/2021",
                    "policy_to_date": "09/20/2022",
                    "insured_name": "Jayaguru Achar H",
                    "telephone_no": "9663688282",
                    "old_product": "Star Comprehensive Insurance Policy",
                    "premium": "0",
                    "fullfiller_code": "SO161130",
                    "fullfiller_name": "161130 SO CODE",
                    "policy_status": "RENEWED",
                    "new_policy_number": "P/161130/01/2023/102223",
                    "new_product": "Star Comprehensive Insurance Policy",
                    "new_premium": "0",
                    "sum_insured": "500,000",
                    "gst": "0",
                    "premium_total": "0",
                    "intermediary_code": "LC0000000491",
                    "intermediary_name": "M/S.D2C INSURANCE BROKING PVT LTD",
                    "claim_if_any": "N",
                    "approved_status": "",
                    "occupation": "",
                    "address": "1-44A, Hindaru House, Mundoor Post,Mundoor, Dakshina Kannada",
                    "email_id": "jayaguruh@gmail.com",
                    "no_of_members": "1"
                },
                {
                    "proposer_name": "Madhuri devi",
                    "previous_policy_number": "P/161130/01/2022/076152",
                    "broker_code": "LC0000000619",
                    "policy_from_date": "09/21/2021",
                    "policy_to_date": "09/20/2022",
                    "insured_name": "Madhuri Devi",
                    "telephone_no": "8178112926",
                    "old_product": "Diabetes Safe Insurance Individual - 2018",
                    "premium": "0",
                    "fullfiller_code": "SO161130",
                    "fullfiller_name": "161130 SO CODE",
                    "policy_status": "RENEWED",
                    "new_policy_number": "P/161130/01/2023/102429",
                    "new_product": "Diabetes Safe Insurance Individual - 2018",
                    "new_premium": "0",
                    "sum_insured": "1,000,000",
                    "gst": "0",
                    "premium_total": "0",
                    "intermediary_code": "LC0000000619",
                    "intermediary_name": "M/S.POLICYBAZAAR INSURANCE BROKERS PRIVATE LIMITED",
                    "claim_if_any": "Y",
                    "approved_status": "",
                    "occupation": "",
                    "address": "50/1 A LGF GALI NO 1 ARJUN NAGARSAFDARJUNG ENCLAVE",
                    "email_id": "Kkgupta4695@gmail.com",
                    "no_of_members": "1"
                },
                {
                    "proposer_name": "Satish Popat Borude",
                    "previous_policy_number": "P/161130/01/2022/071534",
                    "broker_code": "LC0000000619",
                    "policy_from_date": "09/21/2021",
                    "policy_to_date": "09/20/2022",
                    "insured_name": "Popat Rangnath Borude",
                    "telephone_no": "8796320432",
                    "old_product": "Family Health Optima Insurance Plan",
                    "premium": "0",
                    "fullfiller_code": "SO161130",
                    "fullfiller_name": "161130 SO CODE",
                    "policy_status": "RENEWED",
                    "new_policy_number": "P/161130/01/2023/100161",
                    "new_product": "Family Health Optima Insurance Plan",
                    "new_premium": "0",
                    "sum_insured": "500,000",
                    "gst": "5,103",
                    "premium_total": "0",
                    "intermediary_code": "LC0000000619",
                    "intermediary_name": "M/S.POLICYBAZAAR INSURANCE BROKERS PRIVATE LIMITED",
                    "claim_if_any": "N",
                    "approved_status": "",
                    "occupation": "",
                    "address": "Behind Dwarikadas Building ,solapur RoadJagdamba Nagar, Wakodi Fata, Wakodi",
                    "email_id": "satishborude19@gmail.com",
                    "no_of_members": "2"
                },
                {
                    "proposer_name": "Pranav Parmar",
                    "previous_policy_number": "P/161130/01/2022/069403",
                    "broker_code": "LC0000000619",
                    "policy_from_date": "09/21/2021",
                    "policy_to_date": "09/20/2022",
                    "insured_name": "Tia Parmar",
                    "telephone_no": "9998180999",
                    "old_product": "Family Health Optima Insurance Plan",
                    "premium": "0",
                    "fullfiller_code": "SO161130",
                    "fullfiller_name": "161130 SO CODE",
                    "policy_status": "RENEWED",
                    "new_policy_number": "P/161130/01/2023/102125",
                    "new_product": "Family Health Optima Insurance Plan",
                    "new_premium": "0",
                    "sum_insured": "500,000",
                    "gst": "0",
                    "premium_total": "0",
                    "intermediary_code": "LC0000000619",
                    "intermediary_name": "M/S.POLICYBAZAAR INSURANCE BROKERS PRIVATE LIMITED",
                    "claim_if_any": "N",
                    "approved_status": "",
                    "occupation": "",
                    "address": "Pranav MilapRaiya Road, Near Azad chowk",
                    "email_id": "phparmar8@gmail.com",
                    "no_of_members": "3"
                },
                {
                    "proposer_name": "Surojit Saha",
                    "previous_policy_number": "P/161130/01/2022/075273",
                    "broker_code": "LC0000000619",
                    "policy_from_date": "09/21/2021",
                    "policy_to_date": "09/20/2022",
                    "insured_name": "Tapoja Saha",
                    "telephone_no": "9840192384",
                    "old_product": "Family Health Optima Insurance Plan",
                    "premium": "0",
                    "fullfiller_code": "SO161130",
                    "fullfiller_name": "161130 SO CODE",
                    "policy_status": "RENEWED",
                    "new_policy_number": "P/161130/01/2023/101618",
                    "new_product": "Family Health Optima Insurance Plan",
                    "new_premium": "0",
                    "sum_insured": "500,000",
                    "gst": "0",
                    "premium_total": "0",
                    "intermediary_code": "LC0000000619",
                    "intermediary_name": "M/S.POLICYBAZAAR INSURANCE BROKERS PRIVATE LIMITED",
                    "claim_if_any": "N",
                    "approved_status": "",
                    "occupation": "",
                    "address": "2D SANGATI APARTMENTRN 13/4 RAGHUNATHPUR NORTH",
                    "email_id": "surojitsahaqtr@gmail.com",
                    "no_of_members": "3"
                },
                {
                    "proposer_name": "Ankur tripathi",
                    "previous_policy_number": "P/161130/01/2022/076150",
                    "broker_code": "LC0000000619",
                    "policy_from_date": "09/21/2021",
                    "policy_to_date": "09/20/2022",
                    "insured_name": "Archana Tripathi",
                    "telephone_no": "9765865883",
                    "old_product": "Family Health Optima Insurance Plan",
                    "premium": "0",
                    "fullfiller_code": "SO161130",
                    "fullfiller_name": "161130 SO CODE",
                    "policy_status": "RENEWED",
                    "new_policy_number": "P/161130/01/2023/103010",
                    "new_product": "Family Health Optima Insurance Plan",
                    "new_premium": "0",
                    "sum_insured": "1,500,000",
                    "gst": "0",
                    "premium_total": "0",
                    "intermediary_code": "LC0000000619",
                    "intermediary_name": "M/S.POLICYBAZAAR INSURANCE BROKERS PRIVATE LIMITED",
                    "claim_if_any": "N",
                    "approved_status": "",
                    "occupation": "",
                    "address": "Satteswar mohal, Auraiya Behind Bhooteswar templeAuraiya (MB),Auraiya,Uttar Pradesh -206122",
                    "email_id": "er_mayanktripathi@yahoo.in",
                    "no_of_members": "2"
                },
                {
                    "proposer_name": "Mehul Zanzrukia",
                    "previous_policy_number": "P/161130/01/2022/068309",
                    "broker_code": "LC0000000619",
                    "policy_from_date": "09/21/2021",
                    "policy_to_date": "09/20/2022",
                    "insured_name": "ZANZRUKIA MOHITA MEHUL",
                    "telephone_no": "9510664599",
                    "old_product": "Family Health Optima Insurance Plan",
                    "premium": "0",
                    "fullfiller_code": "SO161130",
                    "fullfiller_name": "161130 SO CODE",
                    "policy_status": "RENEWED",
                    "new_policy_number": "P/161130/01/2023/088358",
                    "new_product": "Family Health Optima Insurance Plan",
                    "new_premium": "0",
                    "sum_insured": "500,000",
                    "gst": "0",
                    "premium_total": "0",
                    "intermediary_code": "LC0000000619",
                    "intermediary_name": "M/S.POLICYBAZAAR INSURANCE BROKERS PRIVATE LIMITED",
                    "claim_if_any": "N",
                    "approved_status": "",
                    "occupation": "",
                    "address": "C-802, Dev Auram Exotica,Behind Aryan City, VandematramGota",
                    "email_id": "mehuljanjrukia@yahoo.com",
                    "no_of_members": "3"
                },
                {
                    "proposer_name": "Vaibhav Autade",
                    "previous_policy_number": "P/161130/01/2022/074323",
                    "broker_code": "LC0000000619",
                    "policy_from_date": "09/21/2021",
                    "policy_to_date": "09/20/2022",
                    "insured_name": "Vijay Autade",
                    "telephone_no": "8879886614",
                    "old_product": "Family Health Optima Insurance Plan",
                    "premium": "0",
                    "fullfiller_code": "SO161130",
                    "fullfiller_name": "161130 SO CODE",
                    "policy_status": "RENEWED",
                    "new_policy_number": "P/161130/01/2023/106700",
                    "new_product": "Family Health Optima Insurance Plan",
                    "new_premium": "0",
                    "sum_insured": "500,000",
                    "gst": "0",
                    "premium_total": "0",
                    "intermediary_code": "LC0000000619",
                    "intermediary_name": "M/S.POLICYBAZAAR INSURANCE BROKERS PRIVATE LIMITED",
                    "claim_if_any": "N",
                    "approved_status": "",
                    "occupation": "",
                    "address": "The Laurels,B-204,Anandnagar,Near Amar Courtyard,Anandnagar, DP road, Malwadi, Hadapsar",
                    "email_id": "vaibhav.autade@hotmail.com",
                    "no_of_members": "2"
                },
                {
                    "proposer_name": "Pradip Jaysingrao Patil",
                    "previous_policy_number": "P/161130/01/2022/075313",
                    "broker_code": "LC0000000619",
                    "policy_from_date": "09/21/2021",
                    "policy_to_date": "09/20/2022",
                    "insured_name": "Snehal Pradip Patil",
                    "telephone_no": "9823945217",
                    "old_product": "Family Health Optima Insurance Plan",
                    "premium": "0",
                    "fullfiller_code": "SO161130",
                    "fullfiller_name": "161130 SO CODE",
                    "policy_status": "RENEWED",
                    "new_policy_number": "P/161130/01/2023/097497",
                    "new_product": "Family Health Optima Insurance Plan",
                    "new_premium": "0",
                    "sum_insured": "500,000",
                    "gst": "0",
                    "premium_total": "0",
                    "intermediary_code": "LC0000000619",
                    "intermediary_name": "M/S.POLICYBAZAAR INSURANCE BROKERS PRIVATE LIMITED",
                    "claim_if_any": "N",
                    "approved_status": "",
                    "occupation": "",
                    "address": "At-kembali, Post-Bachani, Tal-kagalAt-kembali",
                    "email_id": "pradippaatil4@gmail.com",
                    "no_of_members": "4"
                },
                {
                    "proposer_name": "Deepak Singh",
                    "previous_policy_number": "P/161130/01/2022/068924",
                    "broker_code": "LC0000000619",
                    "policy_from_date": "09/21/2021",
                    "policy_to_date": "09/20/2022",
                    "insured_name": "Sonalika",
                    "telephone_no": "8009774486",
                    "old_product": "Family Health Optima Insurance Plan",
                    "premium": "0",
                    "fullfiller_code": "SO161130",
                    "fullfiller_name": "161130 SO CODE",
                    "policy_status": "RENEWED",
                    "new_policy_number": "P/161130/01/2023/100008",
                    "new_product": "Family Health Optima Insurance Plan",
                    "new_premium": "0",
                    "sum_insured": "300,000",
                    "gst": "0",
                    "premium_total": "0",
                    "intermediary_code": "LC0000000619",
                    "intermediary_name": "M/S.POLICYBAZAAR INSURANCE BROKERS PRIVATE LIMITED",
                    "claim_if_any": "N",
                    "approved_status": "",
                    "occupation": "",
                    "address": "6/29 avas vikas colonyNear Lohiya Hospital",
                    "email_id": "dsrathore.ds2009@gmail.com",
                    "no_of_members": "3"
                },
                {
                    "proposer_name": "GANGADHARAIAH  BR",
                    "previous_policy_number": "P/161130/01/2022/072755",
                    "broker_code": "LC0000000619",
                    "policy_from_date": "09/21/2021",
                    "policy_to_date": "09/20/2022",
                    "insured_name": "Vijayalakshmi   D",
                    "telephone_no": "9731440775",
                    "old_product": "Family Health Optima Insurance Plan",
                    "premium": "0",
                    "fullfiller_code": "SO161130",
                    "fullfiller_name": "161130 SO CODE",
                    "policy_status": "RENEWED",
                    "new_policy_number": "P/161130/01/2023/097243",
                    "new_product": "Family Health Optima Insurance Plan",
                    "new_premium": "0",
                    "sum_insured": "300,000",
                    "gst": "0",
                    "premium_total": "0",
                    "intermediary_code": "LC0000000619",
                    "intermediary_name": "M/S.POLICYBAZAAR INSURANCE BROKERS PRIVATE LIMITED",
                    "claim_if_any": "N",
                    "approved_status": "",
                    "occupation": "",
                    "address": "No.13, 3rd Main , Mahalakshmi LayoutAnantapura, Yelahanka,  Bangalore",
                    "email_id": "gangadharaiahbr@gmail.com",
                    "no_of_members": "3"
                },
                {
                    "proposer_name": "Gurjeet Singh",
                    "previous_policy_number": "P/161130/01/2022/074481",
                    "broker_code": "LC0000000619",
                    "policy_from_date": "09/21/2021",
                    "policy_to_date": "09/20/2022",
                    "insured_name": "Vaneet Kaur",
                    "telephone_no": "7696097098",
                    "old_product": "Family Health Optima Insurance Plan",
                    "premium": "0",
                    "fullfiller_code": "SO161130",
                    "fullfiller_name": "161130 SO CODE",
                    "policy_status": "RENEWED",
                    "new_policy_number": "P/161130/01/2023/101711",
                    "new_product": "Family Health Optima Insurance Plan",
                    "new_premium": "0",
                    "sum_insured": "500,000",
                    "gst": "0",
                    "premium_total": "0",
                    "intermediary_code": "LC0000000619",
                    "intermediary_name": "M/S.POLICYBAZAAR INSURANCE BROKERS PRIVATE LIMITED",
                    "claim_if_any": "N",
                    "approved_status": "",
                    "occupation": "",
                    "address": "House no.828 Phase 11Near Commando Complex",
                    "email_id": "rocky.t1001@gmail.com",
                    "no_of_members": "4"
                },
                {
                    "proposer_name": "Madhusudhan Reddy",
                    "previous_policy_number": "P/161130/01/2022/075500",
                    "broker_code": "LC0000000619",
                    "policy_from_date": "09/21/2021",
                    "policy_to_date": "09/20/2022",
                    "insured_name": "Pvs Jishnu Reddy ",
                    "telephone_no": "8884295195",
                    "old_product": "Family Health Optima Insurance Plan",
                    "premium": "0",
                    "fullfiller_code": "SO161130",
                    "fullfiller_name": "161130 SO CODE",
                    "policy_status": "RENEWED",
                    "new_policy_number": "P/161130/01/2023/092410",
                    "new_product": "Family Health Optima Insurance Plan",
                    "new_premium": "0",
                    "sum_insured": "500,000",
                    "gst": "0",
                    "premium_total": "0",
                    "intermediary_code": "LC0000000619",
                    "intermediary_name": "M/S.POLICYBAZAAR INSURANCE BROKERS PRIVATE LIMITED",
                    "claim_if_any": "N",
                    "approved_status": "",
                    "occupation": "",
                    "address": "SiddanthipuramKhajipeth",
                    "email_id": "madhusreddy2010@gmail.com",
                    "no_of_members": "4"
                },
                {
                    "proposer_name": "Deepak Urmaliya",
                    "previous_policy_number": "P/161130/01/2022/064234",
                    "broker_code": "LC0000000619",
                    "policy_from_date": "09/21/2021",
                    "policy_to_date": "09/20/2022",
                    "insured_name": "Rashmi Pandey",
                    "telephone_no": "9685522211",
                    "old_product": "Family Health Optima Insurance Plan",
                    "premium": "0",
                    "fullfiller_code": "SO161130",
                    "fullfiller_name": "161130 SO CODE",
                    "policy_status": "RENEWED",
                    "new_policy_number": "P/161130/01/2023/099736",
                    "new_product": "Family Health Optima Insurance Plan",
                    "new_premium": "0",
                    "sum_insured": "500,000",
                    "gst": "0",
                    "premium_total": "0",
                    "intermediary_code": "LC0000000619",
                    "intermediary_name": "M/S.POLICYBAZAAR INSURANCE BROKERS PRIVATE LIMITED",
                    "claim_if_any": "Y",
                    "approved_status": "",
                    "occupation": "",
                    "address": "109/1 Krishna Parisar Behind Parmeshwari gardenIndore Road Ujjain",
                    "email_id": "dpkurmaliya5@gmail.com",
                    "no_of_members": "4"
                },
                {
                    "proposer_name": "Jitendra Kumar",
                    "previous_policy_number": "P/161130/01/2022/068683",
                    "broker_code": "LC0000000619",
                    "policy_from_date": "09/21/2021",
                    "policy_to_date": "09/20/2022",
                    "insured_name": "Jitendra Kumar",
                    "telephone_no": "9899583910",
                    "old_product": "Family Health Optima Insurance Plan",
                    "premium": "0",
                    "fullfiller_code": "SO161130",
                    "fullfiller_name": "161130 SO CODE",
                    "policy_status": "RENEWED",
                    "new_policy_number": "P/161130/01/2023/092598",
                    "new_product": "Family Health Optima Insurance Plan",
                    "new_premium": "0",
                    "sum_insured": "500,000",
                    "gst": "0",
                    "premium_total": "0",
                    "intermediary_code": "LC0000000619",
                    "intermediary_name": "M/S.POLICYBAZAAR INSURANCE BROKERS PRIVATE LIMITED",
                    "claim_if_any": "N",
                    "approved_status": "",
                    "occupation": "",
                    "address": "S/o Sukhpal SinghVillage Tavelagarhi ",
                    "email_id": "jittu.chaudhary@gmail.com",
                    "no_of_members": "3"
                },
                {
                    "proposer_name": "Bhaskar Gattu",
                    "previous_policy_number": "P/161130/01/2022/074391",
                    "broker_code": "LC0000000619",
                    "policy_from_date": "09/21/2021",
                    "policy_to_date": "09/20/2022",
                    "insured_name": "Gattu Lakshmikantham",
                    "telephone_no": "9948060060",
                    "old_product": "Family Health Optima Insurance Plan",
                    "premium": "0",
                    "fullfiller_code": "SO161130",
                    "fullfiller_name": "161130 SO CODE",
                    "policy_status": "RENEWED",
                    "new_policy_number": "P/161130/01/2023/102092",
                    "new_product": "Family Health Optima Insurance Plan",
                    "new_premium": "0",
                    "sum_insured": "500,000",
                    "gst": "0",
                    "premium_total": "0",
                    "intermediary_code": "LC0000000619",
                    "intermediary_name": "M/S.POLICYBAZAAR INSURANCE BROKERS PRIVATE LIMITED",
                    "claim_if_any": "N",
                    "approved_status": "",
                    "occupation": "",
                    "address": "3-124, Bapuji union Street,ipurupalemChirala",
                    "email_id": "bhaskar.gattu@gmail.com",
                    "no_of_members": "2"
                },
                {
                    "proposer_name": "Anirudh More",
                    "previous_policy_number": "P/161130/01/2022/076477",
                    "broker_code": "LC0000000619",
                    "policy_from_date": "09/21/2021",
                    "policy_to_date": "09/20/2022",
                    "insured_name": "Priyanka Surana",
                    "telephone_no": "9435060757",
                    "old_product": "Family Health Optima Insurance Plan",
                    "premium": "0",
                    "fullfiller_code": "SO161130",
                    "fullfiller_name": "161130 SO CODE",
                    "policy_status": "RENEWED",
                    "new_policy_number": "P/161130/01/2023/097786",
                    "new_product": "Family Health Optima Insurance Plan",
                    "new_premium": "0",
                    "sum_insured": "2,000,000",
                    "gst": "0",
                    "premium_total": "0",
                    "intermediary_code": "LC0000000619",
                    "intermediary_name": "M/S.POLICYBAZAAR INSURANCE BROKERS PRIVATE LIMITED",
                    "claim_if_any": "N",
                    "approved_status": "",
                    "occupation": "",
                    "address": "bhagwati enclave , 2D, sikaria compoundchristian basti , G.S Road",
                    "email_id": "anirudhmore123@yahoo.in",
                    "no_of_members": "3"
                },
                {
                    "proposer_name": "Sanjay Kumar Soni",
                    "previous_policy_number": "P/161130/01/2022/074890",
                    "broker_code": "LC0000000619",
                    "policy_from_date": "09/21/2021",
                    "policy_to_date": "09/20/2022",
                    "insured_name": "Reena Deni",
                    "telephone_no": "9835194826",
                    "old_product": "Family Health Optima Insurance Plan",
                    "premium": "0",
                    "fullfiller_code": "SO161130",
                    "fullfiller_name": "161130 SO CODE",
                    "policy_status": "RENEWED",
                    "new_policy_number": "P/161130/01/2023/101912",
                    "new_product": "Family Health Optima Insurance Plan",
                    "new_premium": "0",
                    "sum_insured": "500,000",
                    "gst": "0",
                    "premium_total": "0",
                    "intermediary_code": "LC0000000619",
                    "intermediary_name": "M/S.POLICYBAZAAR INSURANCE BROKERS PRIVATE LIMITED",
                    "claim_if_any": "N",
                    "approved_status": "",
                    "occupation": "",
                    "address": "Sayal  Purana DottalaPatratu",
                    "email_id": "sanjaykumardd789@gmail.com",
                    "no_of_members": "5"
                },
                {
                    "proposer_name": "Saumendra Das",
                    "previous_policy_number": "P/161130/01/2022/074687",
                    "broker_code": "LC0000000619",
                    "policy_from_date": "09/21/2021",
                    "policy_to_date": "09/20/2022",
                    "insured_name": "Saumendra Das",
                    "telephone_no": "9491832686",
                    "old_product": "Family Health Optima Insurance Plan",
                    "premium": "0",
                    "fullfiller_code": "SO161130",
                    "fullfiller_name": "161130 SO CODE",
                    "policy_status": "RENEWED",
                    "new_policy_number": "P/161130/01/2023/100152",
                    "new_product": "Family Health Optima Insurance Plan",
                    "new_premium": "0",
                    "sum_insured": "1,000,000",
                    "gst": "0",
                    "premium_total": "0",
                    "intermediary_code": "LC0000000619",
                    "intermediary_name": "M/S.POLICYBAZAAR INSURANCE BROKERS PRIVATE LIMITED",
                    "claim_if_any": "N",
                    "approved_status": "",
                    "occupation": "",
                    "address": "Dr NO. 3-167 , Rotary Nagar 1AT/P.O Tekkali",
                    "email_id": "dr.saumendra@rediffmail.com",
                    "no_of_members": "4"
                },
                {
                    "proposer_name": "pushpendra singh",
                    "previous_policy_number": "P/161130/01/2022/060422",
                    "broker_code": "LC0000000619",
                    "policy_from_date": "09/21/2021",
                    "policy_to_date": "09/20/2022",
                    "insured_name": "shreyansh yadav",
                    "telephone_no": "9675542018",
                    "old_product": "Family Health Optima Insurance Plan",
                    "premium": "0",
                    "fullfiller_code": "SO161130",
                    "fullfiller_name": "161130 SO CODE",
                    "policy_status": "RENEWED",
                    "new_policy_number": "P/161130/01/2023/078562",
                    "new_product": "Family Health Optima Insurance Plan",
                    "new_premium": "0",
                    "sum_insured": "500,000",
                    "gst": "0",
                    "premium_total": "0",
                    "intermediary_code": "LC0000000619",
                    "intermediary_name": "M/S.POLICYBAZAAR INSURANCE BROKERS PRIVATE LIMITED",
                    "claim_if_any": "N",
                    "approved_status": "",
                    "occupation": "",
                    "address": "vpo bela dandi teh dataganj dist budaunvpo bela dandi teh dataganj dist budaun",
                    "email_id": "psyaduvanshi78@gmail.com",
                    "no_of_members": "4"
                },
                {
                    "proposer_name": "SAI VIVEK REDDY MAHAKALA",
                    "previous_policy_number": "P/161130/01/2022/075024",
                    "broker_code": "LC0000000619",
                    "policy_from_date": "09/21/2021",
                    "policy_to_date": "09/20/2022",
                    "insured_name": "Mahakala Mahipal Reddy",
                    "telephone_no": "9949444657",
                    "old_product": "Family Health Optima Insurance Plan",
                    "premium": "0",
                    "fullfiller_code": "SO161130",
                    "fullfiller_name": "161130 SO CODE",
                    "policy_status": "RENEWED",
                    "new_policy_number": "P/161130/01/2023/103553",
                    "new_product": "Family Health Optima Insurance Plan",
                    "new_premium": "0",
                    "sum_insured": "500,000",
                    "gst": "0",
                    "premium_total": "0",
                    "intermediary_code": "LC0000000619",
                    "intermediary_name": "M/S.POLICYBAZAAR INSURANCE BROKERS PRIVATE LIMITED",
                    "claim_if_any": "N",
                    "approved_status": "",
                    "occupation": "",
                    "address": "HO .NO. 7-1-280 MANKAMMATHOTANEAR SRI RAMA BOOK SELLER",
                    "email_id": "vivekreddy1111@gmail.com",
                    "no_of_members": "2"
                },
                {
                    "proposer_name": "Dhanraj govind",
                    "previous_policy_number": "P/161130/01/2022/075923",
                    "broker_code": "LC0000000619",
                    "policy_from_date": "09/21/2021",
                    "policy_to_date": "09/20/2022",
                    "insured_name": "Mayuri Dhanraj",
                    "telephone_no": "8226056249",
                    "old_product": "Family Health Optima Insurance Plan",
                    "premium": "0",
                    "fullfiller_code": "SO161130",
                    "fullfiller_name": "161130 SO CODE",
                    "policy_status": "RENEWED",
                    "new_policy_number": "P/161130/01/2023/101675",
                    "new_product": "Family Health Optima Insurance Plan",
                    "new_premium": "0",
                    "sum_insured": "500,000",
                    "gst": "0",
                    "premium_total": "0",
                    "intermediary_code": "LC0000000619",
                    "intermediary_name": "M/S.POLICYBAZAAR INSURANCE BROKERS PRIVATE LIMITED",
                    "claim_if_any": "Y",
                    "approved_status": "",
                    "occupation": "",
                    "address": "15/A,PAVITRA APPARTMENTSOUTH CIVIL LINE JABALPUR",
                    "email_id": "dhanrajgovind402@gmail.com",
                    "no_of_members": "3"
                },
                {
                    "proposer_name": "Rupesh Ramchandran Nair",
                    "previous_policy_number": "P/161130/01/2022/072102",
                    "broker_code": "LC0000000619",
                    "policy_from_date": "09/21/2021",
                    "policy_to_date": "09/20/2022",
                    "insured_name": "Arnav Rupesh Nair",
                    "telephone_no": "9890749255",
                    "old_product": "Family Health Optima Insurance Plan",
                    "premium": "0",
                    "fullfiller_code": "SO161130",
                    "fullfiller_name": "161130 SO CODE",
                    "policy_status": "RENEWED",
                    "new_policy_number": "P/161130/01/2023/096981",
                    "new_product": "Family Health Optima Insurance Plan",
                    "new_premium": "0",
                    "sum_insured": "500,000",
                    "gst": "0",
                    "premium_total": "0",
                    "intermediary_code": "LC0000000619",
                    "intermediary_name": "M/S.POLICYBAZAAR INSURANCE BROKERS PRIVATE LIMITED",
                    "claim_if_any": "N",
                    "approved_status": "",
                    "occupation": "",
                    "address": "F-218,Krishna enclave, Near RTO officeAurangabad Road",
                    "email_id": "rupeshnair_july@rediffmail.com",
                    "no_of_members": "3"
                },
                {
                    "proposer_name": "Reginald Mannam",
                    "previous_policy_number": "P/161130/01/2022/066975",
                    "broker_code": "LC0000000619",
                    "policy_from_date": "09/21/2021",
                    "policy_to_date": "09/20/2022",
                    "insured_name": "Reginald Mannam ",
                    "telephone_no": "9133423162",
                    "old_product": "Family Health Optima Insurance Plan",
                    "premium": "0",
                    "fullfiller_code": "SO161130",
                    "fullfiller_name": "161130 SO CODE",
                    "policy_status": "RENEWED",
                    "new_policy_number": "P/161130/01/2023/094612",
                    "new_product": "Family Health Optima Insurance Plan",
                    "new_premium": "0",
                    "sum_insured": "300,000",
                    "gst": "0",
                    "premium_total": "0",
                    "intermediary_code": "LC0000000619",
                    "intermediary_name": "M/S.POLICYBAZAAR INSURANCE BROKERS PRIVATE LIMITED",
                    "claim_if_any": "N",
                    "approved_status": "",
                    "occupation": "",
                    "address": "30-3-395 Brodipet6/12Guntur",
                    "email_id": "rmannam@gmail.com",
                    "no_of_members": "3"
                },
                {
                    "proposer_name": "Ravi J Parmar",
                    "previous_policy_number": "P/161130/01/2022/073611",
                    "broker_code": "LC0000000619",
                    "policy_from_date": "09/21/2021",
                    "policy_to_date": "09/20/2022",
                    "insured_name": "Ravi J Parmar",
                    "telephone_no": "9374873353",
                    "old_product": "Family Health Optima Insurance Plan",
                    "premium": "0",
                    "fullfiller_code": "SO161130",
                    "fullfiller_name": "161130 SO CODE",
                    "policy_status": "RENEWED",
                    "new_policy_number": "P/161130/01/2023/103267",
                    "new_product": "Family Health Optima Insurance Plan",
                    "new_premium": "0",
                    "sum_insured": "500,000",
                    "gst": "0",
                    "premium_total": "0",
                    "intermediary_code": "LC0000000619",
                    "intermediary_name": "M/S.POLICYBAZAAR INSURANCE BROKERS PRIVATE LIMITED",
                    "claim_if_any": "N",
                    "approved_status": "",
                    "occupation": "",
                    "address": "SHRI SWAMI NARAYAN NAGAR BEHIND GURUKUL SCHOOL PLOT NO 11SIHOR DISTT BHAVNAGAR",
                    "email_id": "bvcrjp@gmail.com",
                    "no_of_members": "2"
                },
                {
                    "proposer_name": "Nishant Jaiswal",
                    "previous_policy_number": "P/161130/01/2022/074737",
                    "broker_code": "LC0000000619",
                    "policy_from_date": "09/21/2021",
                    "policy_to_date": "09/20/2022",
                    "insured_name": "Shashi Jaiswal",
                    "telephone_no": "9793003468",
                    "old_product": "Family Health Optima Insurance Plan",
                    "premium": "0",
                    "fullfiller_code": "SO161130",
                    "fullfiller_name": "161130 SO CODE",
                    "policy_status": "RENEWED",
                    "new_policy_number": "P/161130/01/2023/097873",
                    "new_product": "Family Health Optima Insurance Plan",
                    "new_premium": "0",
                    "sum_insured": "300,000",
                    "gst": "0",
                    "premium_total": "0",
                    "intermediary_code": "LC0000000619",
                    "intermediary_name": "M/S.POLICYBAZAAR INSURANCE BROKERS PRIVATE LIMITED",
                    "claim_if_any": "N",
                    "approved_status": "",
                    "occupation": "",
                    "address": "397, OM PURWALAL BANGLA",
                    "email_id": "nishant3367@gmail.com",
                    "no_of_members": "2"
                }
            ]
        }
    ]
}